Matchup,Line 1,Line 2,Best Bet,Confidence
MIL @ WAS,MIL -1000,WAS +650,WAS +650,0.050485660978279306
LA L @ TOR,LA L -950,TOR +625,TOR +625,0.028999038127034582
NY  @ MIA,NY  +114,MIA -135,MIA -135,-0.020801273538655685
OKC @ PHI,OKC -198,PHI +164,OKC -198,0.058613698973876804
HOU @ MIN,HOU +275,MIN -345,HOU +275,0.06466388046973426
CLE @ UTA,CLE -700,UTA +500,UTA +500,0.20289160353628152
SA  @ DEN,SA  +1100,DEN -2100,SA  +1100,-0.011954113198323749
DAL @ GS ,DAL -105,GS  -115,DAL -105,-0.0013953310295280463
LA C @ SAC,LA C -142,SAC +120,SAC +120,0.09202275003301758
